timestamp,agent,task,num_steps,pass_rate,num_correct,num_total,n,seed,reference_time_ms,agent_time_ms,speedup,correct
20251209_030454,RefinedMultiAgent,minimum_spanning_tree,91,100.0,3,3,50,42,0.867416150867939,0.7937499321997166,1.0928078424700731,True
20251209_030454,RefinedMultiAgent,minimum_spanning_tree,91,100.0,3,3,100,43,2.7595001738518476,2.7100001461803913,1.0182656918824244,True
20251209_030454,RefinedMultiAgent,minimum_spanning_tree,91,100.0,3,3,150,44,7.381957955658436,16.031875042244792,0.4604550582016519,True
20251209_030647,RefinedMultiAgent,shortest_path_dijkstra,88,100.0,3,3,50,42,2.512875013053417,2.3279159795492887,1.0794526242050793,True
20251209_030647,RefinedMultiAgent,shortest_path_dijkstra,88,100.0,3,3,100,43,10.458834003657103,9.940250078216195,1.0521701085345299,True
20251209_030647,RefinedMultiAgent,shortest_path_dijkstra,88,100.0,3,3,150,44,31.09612502157688,34.531124867498875,0.9005245308659187,True
20251209_030822,RefinedMultiAgent,stable_matching,97,100.0,3,3,50,42,0.08983304724097252,0.0869168434292078,1.033551653473701,True
20251209_030822,RefinedMultiAgent,stable_matching,97,100.0,3,3,100,43,0.7032910361886024,0.5526670720428228,1.2725401453519356,True
20251209_030822,RefinedMultiAgent,stable_matching,97,100.0,3,3,150,44,1.6906249802559614,0.6532080005854368,2.5881878034879255,True
20251209_031000,RefinedMultiAgent,graph_laplacian,89,100.0,3,3,50,42,1.1546669993549585,1.0556660126894712,1.093780594880825,True
20251209_031000,RefinedMultiAgent,graph_laplacian,89,100.0,3,3,100,43,0.42912503704428673,0.36383303813636303,1.1794559373782119,True
20251209_031000,RefinedMultiAgent,graph_laplacian,89,100.0,3,3,150,44,2.663166029378772,1.4999578706920147,1.775493886471694,True
20251209_031151,RefinedMultiAgent,pagerank,148,0.0,0,3,50,42,1.199207967147231,1.3997089117765427,0.8567552560804723,False
20251209_031151,RefinedMultiAgent,pagerank,148,0.0,0,3,100,43,1.3063750229775906,0.5308331456035376,2.460989924606706,False
20251209_031151,RefinedMultiAgent,pagerank,148,0.0,0,3,150,44,1.9916670862585306,0.7245000451803207,2.749022721955559,False
20251209_031520,RefinedMultiAgent,cholesky_factorization,89,100.0,3,3,50,42,0.11987495236098766,0.3132498823106289,0.38268155594106723,True
20251209_031520,RefinedMultiAgent,cholesky_factorization,89,100.0,3,3,100,43,0.14258292503654957,0.48795901238918304,0.2922026674708269,True
20251209_031520,RefinedMultiAgent,cholesky_factorization,89,100.0,3,3,150,44,0.14070793986320496,1.3403750490397215,0.10497654366515675,True
20251209_031652,RefinedMultiAgent,qr_factorization,82,100.0,3,3,50,42,0.3105420619249344,0.18454203382134438,1.6827714287877145,True
20251209_031652,RefinedMultiAgent,qr_factorization,82,100.0,3,3,100,43,0.7020409684628248,7.236832985654473,0.09700941970810657,True
20251209_031652,RefinedMultiAgent,qr_factorization,82,100.0,3,3,150,44,2.385874977335334,22.665458032861352,0.10526480311477447,True
20251209_031810,RefinedMultiAgent,lu_factorization,146,100.0,3,3,50,42,1.9524581730365753,4.733208799734712,0.4125020162106534,True
20251209_031810,RefinedMultiAgent,lu_factorization,146,100.0,3,3,100,43,10.267750127241015,9.285917039960623,1.105733562237872,True
20251209_031810,RefinedMultiAgent,lu_factorization,146,100.0,3,3,150,44,37.74541593156755,59.084500186145306,0.63883786462864,True
20251209_032106,RefinedMultiAgent,matrix_sqrt,139,100.0,3,3,50,42,4.200041992589831,24.26441595889628,0.1730947078926057,True
20251209_032106,RefinedMultiAgent,matrix_sqrt,139,100.0,3,3,100,43,30.108666978776455,192.93783302418888,0.15605372210748159,True
20251209_032106,RefinedMultiAgent,matrix_sqrt,139,100.0,3,3,150,44,52.26879194378853,353.6601250525564,0.14779385133119266,True
20251209_032411,RefinedMultiAgent,toeplitz_solver,158,100.0,3,3,50,42,0.1826668158173561,0.11012493632733822,1.6587234636339996,True
20251209_032411,RefinedMultiAgent,toeplitz_solver,158,100.0,3,3,100,43,0.11562486179172993,0.05362485535442829,2.156180394847102,True
20251209_032411,RefinedMultiAgent,toeplitz_solver,158,100.0,3,3,150,44,0.17095915973186493,0.13545900583267212,1.2620730432869478,True
20251209_032748,RefinedMultiAgent,affine_transform_2d,77,,,,,,,,,
